2019-07-01 21:41:35.0000000Z,1.02317178,-9.33E-05
2019-07-01 21:41:35.0166667Z,1.02298937,-9.33E-05
2019-07-01 21:41:35.0333333Z,1.022694838,-9.50E-05
2019-07-01 21:41:35.0500000Z,1.022517449,-9.83E-05
2019-07-01 21:41:35.0666667Z,1.022576021,-0.000101667
2019-07-01 21:41:35.0833333Z,1.022808635,-0.000105
2019-07-01 21:41:35.1000000Z,1.02305631,-0.000105
2019-07-01 21:41:35.1166667Z,1.023183494,-0.000103333
2019-07-01 21:41:35.1333333Z,1.023166759,-0.000101667
2019-07-01 21:41:35.1500000Z,1.02301782,-0.000103333
2019-07-01 21:41:35.1666667Z,1.022778512,-0.000108333
2019-07-01 21:41:35.1833333Z,1.022517449,-0.000113333
2019-07-01 21:41:35.2000000Z,1.022324999,-0.000116667
2019-07-01 21:41:35.2166667Z,1.022268101,-0.000123333
2019-07-01 21:41:35.2333333Z,1.022346754,-0.000126667
2019-07-01 21:41:35.2500000Z,1.022442143,-0.000125
2019-07-01 21:41:35.2666667Z,1.022477286,-0.000123333
2019-07-01 21:41:35.2833333Z,1.022425408,-0.000126667
2019-07-01 21:41:35.3000000Z,1.022341734,-0.000126667
2019-07-01 21:41:35.3166667Z,1.022345081,-0.000126667
2019-07-01 21:41:35.3333333Z,1.022438796,-0.000125
2019-07-01 21:41:35.3500000Z,1.022455531,-0.000125
2019-07-01 21:41:35.3666667Z,1.02233002,-0.000125
2019-07-01 21:41:35.3833333Z,1.022149284,-0.000125
2019-07-01 21:41:35.4000000Z,1.022087365,-0.000125
2019-07-01 21:41:35.4166667Z,1.022207856,-0.00013
2019-07-01 21:41:35.4333333Z,1.022428755,-0.000135
2019-07-01 21:41:35.4500000Z,1.022602797,-0.000136667
2019-07-01 21:41:35.4666667Z,1.022683124,-0.000136667
2019-07-01 21:41:35.4833333Z,1.022709899,-0.000136667
2019-07-01 21:41:35.5000000Z,1.022731655,-0.000136667
2019-07-01 21:41:35.5166667Z,1.022770145,-0.000133333
2019-07-01 21:41:35.5333333Z,1.022803614,-0.000131667
2019-07-01 21:41:35.5500000Z,1.022781859,-0.000131667
2019-07-01 21:41:35.5666667Z,1.022639613,-0.000133333
2019-07-01 21:41:35.5833333Z,1.02241202,-0.000133333
2019-07-01 21:41:35.6000000Z,1.022194468,-0.000133333
2019-07-01 21:41:35.6166667Z,1.02199365,-0.000133333
2019-07-01 21:41:35.6333333Z,1.021848058,-0.00014
2019-07-01 21:41:35.6500000Z,1.02191667,-0.000145
2019-07-01 21:41:35.6666667Z,1.022191121,-0.000148333
2019-07-01 21:41:35.6833333Z,1.02245051,-0.000151667
2019-07-01 21:41:35.7000000Z,1.022525817,-0.000151667
2019-07-01 21:41:35.7166667Z,1.022408673,-0.000151667
2019-07-01 21:41:35.7333333Z,1.022221244,-0.000151667
2019-07-01 21:41:35.7500000Z,1.022152631,-0.000153333
2019-07-01 21:41:35.7666667Z,1.02225806,-0.000153333
2019-07-01 21:41:35.7833333Z,1.022433775,-0.000153333
2019-07-01 21:41:35.8000000Z,1.022562633,-0.000153333
2019-07-01 21:41:35.8166667Z,1.022597776,-0.000151667
2019-07-01 21:41:35.8333333Z,1.022562633,-0.000148333
2019-07-01 21:41:35.8500000Z,1.02256598,-0.000145
2019-07-01 21:41:35.8666667Z,1.022641287,-0.000148333
2019-07-01 21:41:35.8833333Z,1.022606144,-0.000153333
2019-07-01 21:41:35.9000000Z,1.022391938,-0.000153333
2019-07-01 21:41:35.9166667Z,1.022226264,-0.000153333
2019-07-01 21:41:35.9333333Z,1.022279815,-0.000153333
2019-07-01 21:41:35.9500000Z,1.022462225,-0.000153333
2019-07-01 21:41:35.9666667Z,1.022596103,-0.000155
2019-07-01 21:41:35.9833333Z,1.022653001,-0.000158333
2019-07-01 21:41:36.0000000Z,1.022776839,-0.000163333
2019-07-01 21:41:36.0166667Z,1.022975983,-0.000168333
2019-07-01 21:41:36.0333333Z,1.023042922,-0.000171667
2019-07-01 21:41:36.0500000Z,1.022892309,-0.000175
2019-07-01 21:41:36.0666667Z,1.022699859,-0.000175
2019-07-01 21:41:36.0833333Z,1.022634593,-0.000175
2019-07-01 21:41:36.1000000Z,1.022699859,-0.000178333
2019-07-01 21:41:36.1166667Z,1.022798594,-0.000178333
2019-07-01 21:41:36.1333333Z,1.02286888,-0.000178333
2019-07-01 21:41:36.1500000Z,1.022888962,-0.00018
2019-07-01 21:41:36.1666667Z,1.022817002,-0.00018
2019-07-01 21:41:36.1833333Z,1.022597776,-0.000178333
2019-07-01 21:41:36.2000000Z,1.022308264,-0.000178333
2019-07-01 21:41:36.2166667Z,1.022124182,-0.000181667
2019-07-01 21:41:36.2333333Z,1.022117488,-0.000186667
2019-07-01 21:41:36.2500000Z,1.022167692,-0.00019
2019-07-01 21:41:36.2666667Z,1.02214259,-0.000188333
2019-07-01 21:41:36.2833333Z,1.02206059,-0.000185
2019-07-01 21:41:36.3000000Z,1.022077324,-0.000186667
2019-07-01 21:41:36.3166667Z,1.02221455,-0.00019
2019-07-01 21:41:36.3333333Z,1.022333367,-0.000195
2019-07-01 21:41:36.3500000Z,1.022380224,-0.000196667
2019-07-01 21:41:36.3666667Z,1.022371857,-0.000196667
2019-07-01 21:41:36.3833333Z,1.022326673,-0.000198333
2019-07-01 21:41:36.4000000Z,1.022244672,-0.0002
2019-07-01 21:41:36.4166667Z,1.022169366,-0.000205
2019-07-01 21:41:36.4333333Z,1.022097406,-0.000205
2019-07-01 21:41:36.4500000Z,1.022045528,-0.000205
2019-07-01 21:41:36.4666667Z,1.022067283,-0.000201667
2019-07-01 21:41:36.4833333Z,1.022217897,-0.000201667
2019-07-01 21:41:36.5000000Z,1.022432102,-0.000203333
2019-07-01 21:41:36.5166667Z,1.022540878,-0.00021
2019-07-01 21:41:36.5333333Z,1.022515776,-0.000213333
2019-07-01 21:41:36.5500000Z,1.022492347,-0.000211667
2019-07-01 21:41:36.5666667Z,1.022530837,-0.00021
2019-07-01 21:41:36.5833333Z,1.022532511,-0.000211667
2019-07-01 21:41:36.6000000Z,1.02245051,-0.000218333
2019-07-01 21:41:36.6166667Z,1.022358469,-0.000221667
2019-07-01 21:41:36.6333333Z,1.022338387,-0.000228333
2019-07-01 21:41:36.6500000Z,1.022386918,-0.000231667
2019-07-01 21:41:36.6666667Z,1.022462225,-0.00023
2019-07-01 21:41:36.6833333Z,1.022540878,-0.000233333
2019-07-01 21:41:36.7000000Z,1.022622879,-0.000236667
2019-07-01 21:41:36.7166667Z,1.022668062,-0.00024
2019-07-01 21:41:36.7333333Z,1.022689818,-0.00024
2019-07-01 21:41:36.7500000Z,1.022735002,-0.00024
2019-07-01 21:41:36.7666667Z,1.022781859,-0.00024
2019-07-01 21:41:36.7833333Z,1.022793573,-0.000238333
2019-07-01 21:41:36.8000000Z,1.022798594,-0.000236667
2019-07-01 21:41:36.8166667Z,1.022775165,-0.000236667
2019-07-01 21:41:36.8333333Z,1.022711573,-0.000238333
2019-07-01 21:41:36.8500000Z,1.022666389,-0.000235
2019-07-01 21:41:36.8666667Z,1.022713246,-0.000233333
2019-07-01 21:41:36.8833333Z,1.022865533,-0.00023
2019-07-01 21:41:36.9000000Z,1.023126596,-0.000233333
2019-07-01 21:41:36.9166667Z,1.023370924,-0.000235
2019-07-01 21:41:36.9333333Z,1.023429495,-0.000238333
2019-07-01 21:41:36.9500000Z,1.023303985,-0.00024
2019-07-01 21:41:36.9666667Z,1.023109861,-0.00024
2019-07-01 21:41:36.9833333Z,1.022853819,-0.000238333
2019-07-01 21:41:37.0000000Z,1.022617858,-0.000236667
2019-07-01 21:41:37.0166667Z,1.022629572,-0.000241667
2019-07-01 21:41:37.0333333Z,1.022909043,-0.000246667
2019-07-01 21:41:37.0500000Z,1.023193535,-0.000246667
2019-07-01 21:41:37.0666667Z,1.023298964,-0.000243333
2019-07-01 21:41:37.0833333Z,1.023297291,-0.00024
2019-07-01 21:41:37.1000000Z,1.023355862,-0.000238333
2019-07-01 21:41:37.1166667Z,1.023514843,-0.000238333
2019-07-01 21:41:37.1333333Z,1.023645374,-0.000238333
2019-07-01 21:41:37.1500000Z,1.023598517,-0.000238333
2019-07-01 21:41:37.1666667Z,1.023447904,-0.000236667
2019-07-01 21:41:37.1833333Z,1.023349168,-0.000235
2019-07-01 21:41:37.2000000Z,1.023307331,-0.000235
2019-07-01 21:41:37.2166667Z,1.023272188,-0.000236667
2019-07-01 21:41:37.2333333Z,1.023186841,-0.00024
2019-07-01 21:41:37.2500000Z,1.023076391,-0.00024
2019-07-01 21:41:37.2666667Z,1.02309982,-0.000236667
2019-07-01 21:41:37.2833333Z,1.023225331,-0.000233333
2019-07-01 21:41:37.3000000Z,1.023307331,-0.000235
2019-07-01 21:41:37.3166667Z,1.023357536,-0.00024
2019-07-01 21:41:37.3333333Z,1.023437863,-0.000241667
2019-07-01 21:41:37.3500000Z,1.023498108,-0.000238333
2019-07-01 21:41:37.3666667Z,1.023548312,-0.000235
2019-07-01 21:41:37.3833333Z,1.023618599,-0.00023
2019-07-01 21:41:37.4000000Z,1.023643701,-0.000226667
2019-07-01 21:41:37.4166667Z,1.02352321,-0.000228333
2019-07-01 21:41:37.4333333Z,1.023320719,-0.000231667
2019-07-01 21:41:37.4500000Z,1.023233698,-0.000233333
2019-07-01 21:41:37.4666667Z,1.023278882,-0.000231667
2019-07-01 21:41:37.4833333Z,1.023272188,-0.000228333
2019-07-01 21:41:37.5000000Z,1.023131616,-0.000226667
2019-07-01 21:41:37.5166667Z,1.023016146,-0.000221667
2019-07-01 21:41:37.5333333Z,1.023063004,-0.000223333
2019-07-01 21:41:37.5500000Z,1.023200229,-0.000225
2019-07-01 21:41:37.5666667Z,1.02328725,-0.000225
2019-07-01 21:41:37.5833333Z,1.023312352,-0.000225
2019-07-01 21:41:37.6000000Z,1.023370924,-0.000223333
2019-07-01 21:41:37.6166667Z,1.023538272,-0.000221667
2019-07-01 21:41:37.6333333Z,1.02375415,-0.000218333
2019-07-01 21:41:37.6500000Z,1.023867947,-0.000218333
2019-07-01 21:41:37.6666667Z,1.023819416,-0.00022
2019-07-01 21:41:37.6833333Z,1.023660436,-0.000221667
2019-07-01 21:41:37.7000000Z,1.023456271,-0.00022
2019-07-01 21:41:37.7166667Z,1.023252107,-0.000216667
2019-07-01 21:41:37.7333333Z,1.023114881,-0.000216667
2019-07-01 21:41:37.7500000Z,1.02306133,-0.000213333
2019-07-01 21:41:37.7666667Z,1.023004432,-0.000213333
2019-07-01 21:41:37.7833333Z,1.022924105,-0.000213333
2019-07-01 21:41:37.8000000Z,1.022899003,-0.000213333
2019-07-01 21:41:37.8166667Z,1.022969289,-0.000215
2019-07-01 21:41:37.8333333Z,1.023051289,-0.000216667
2019-07-01 21:41:37.8500000Z,1.02302786,-0.000216667
2019-07-01 21:41:37.8666667Z,1.022899003,-0.000218333
2019-07-01 21:41:37.8833333Z,1.022728308,-0.000218333
2019-07-01 21:41:37.9000000Z,1.02252247,-0.000216667
2019-07-01 21:41:37.9166667Z,1.022326673,-0.000216667
2019-07-01 21:41:37.9333333Z,1.02233504,-0.000216667
2019-07-01 21:41:37.9500000Z,1.022668062,-0.000218333
2019-07-01 21:41:37.9666667Z,1.023103167,-0.000218333
2019-07-01 21:41:37.9833333Z,1.023332434,-0.000218333
2019-07-01 21:41:38.0000000Z,1.023317372,-0.000215
2019-07-01 21:41:38.0166667Z,1.023232025,-0.00021
2019-07-01 21:41:38.0333333Z,1.023268841,-0.000205
2019-07-01 21:41:38.0500000Z,1.023444557,-0.000206667
2019-07-01 21:41:38.0666667Z,1.023643701,-0.00021
2019-07-01 21:41:38.0833333Z,1.023767538,-0.000213333
2019-07-01 21:41:38.1000000Z,1.023755824,-0.000213333
2019-07-01 21:41:38.1166667Z,1.023573415,-0.00021
2019-07-01 21:41:38.1333333Z,1.023309005,-0.00021
2019-07-01 21:41:38.1500000Z,1.023143331,-0.000215
2019-07-01 21:41:38.1666667Z,1.023198555,-0.000218333
2019-07-01 21:41:38.1833333Z,1.023427822,-0.000218333
2019-07-01 21:41:38.2000000Z,1.023673823,-0.000218333
2019-07-01 21:41:38.2166667Z,1.023839498,-0.000216667
2019-07-01 21:41:38.2333333Z,1.023852886,-0.000215
2019-07-01 21:41:38.2500000Z,1.023700599,-0.000213333
2019-07-01 21:41:38.2666667Z,1.023432842,-0.000211667
2019-07-01 21:41:38.2833333Z,1.023116555,-0.000211667
2019-07-01 21:41:38.3000000Z,1.022808635,-0.00021
2019-07-01 21:41:38.3166667Z,1.022607817,-0.00021
2019-07-01 21:41:38.3333333Z,1.022631246,-0.00021
2019-07-01 21:41:38.3500000Z,1.022860513,-0.00021
2019-07-01 21:41:38.3666667Z,1.023109861,-0.000211667
2019-07-01 21:41:38.3833333Z,1.023263821,-0.000211667
2019-07-01 21:41:38.4000000Z,1.023372597,-0.000211667
2019-07-01 21:41:38.4166667Z,1.023543292,-0.000211667
2019-07-01 21:41:38.4333333Z,1.023717334,-0.00021
2019-07-01 21:41:38.4500000Z,1.023767538,-0.000206667
2019-07-01 21:41:38.4666667Z,1.023667129,-0.000205
2019-07-01 21:41:38.4833333Z,1.023504802,-0.000203333
2019-07-01 21:41:38.5000000Z,1.023375944,-0.000203333
2019-07-01 21:41:38.5166667Z,1.023355862,-0.000203333
2019-07-01 21:41:38.5333333Z,1.0234797,-0.000203333
2019-07-01 21:41:38.5500000Z,1.023665456,-0.000203333
2019-07-01 21:41:38.5666667Z,1.023836151,-0.000201667
2019-07-01 21:41:38.5833333Z,1.02390811,-0.000201667
2019-07-01 21:41:38.6000000Z,1.023847865,-0.000203333
2019-07-01 21:41:38.6166667Z,1.023682191,-0.000205
2019-07-01 21:41:38.6333333Z,1.023516516,-0.000206667
2019-07-01 21:41:38.6500000Z,1.023421128,-0.000206667
2019-07-01 21:41:38.6666667Z,1.023401046,-0.000203333
2019-07-01 21:41:38.6833333Z,1.023382638,-0.000201667
2019-07-01 21:41:38.7000000Z,1.023339128,-0.0002
2019-07-01 21:41:38.7166667Z,1.023280556,-0.000198333
2019-07-01 21:41:38.7333333Z,1.023168433,-0.0002
2019-07-01 21:41:38.7500000Z,1.023041248,-0.000201667
2019-07-01 21:41:38.7666667Z,1.022964268,-0.000203333
2019-07-01 21:41:38.7833333Z,1.022939166,-0.000203333
2019-07-01 21:41:38.8000000Z,1.022915737,-0.000203333
2019-07-01 21:41:38.8166667Z,1.022875574,-0.000203333
2019-07-01 21:41:38.8333333Z,1.022783533,-0.000203333
2019-07-01 21:41:38.8500000Z,1.022708226,-0.000205
2019-07-01 21:41:38.8666667Z,1.022786879,-0.000205
2019-07-01 21:41:38.8833333Z,1.022997738,-0.000205
2019-07-01 21:41:38.9000000Z,1.023116555,-0.000205
2019-07-01 21:41:38.9166667Z,1.023026187,-0.000201667
2019-07-01 21:41:38.9333333Z,1.0228739,-0.000201667
2019-07-01 21:41:38.9500000Z,1.02286386,-0.000201667
2019-07-01 21:41:38.9666667Z,1.022972636,-0.0002
2019-07-01 21:41:38.9833333Z,1.023101494,-0.000198333
2019-07-01 21:41:39.0000000Z,1.021516709,-0.000195
2019-07-01 21:41:39.0166667Z,1.013114171,-0.000191667
2019-07-01 21:41:39.0333333Z,0.997252936,-0.000166667
2019-07-01 21:41:39.0500000Z,0.98182346,-0.000136667
2019-07-01 21:41:39.0666667Z,0.975275136,-0.00014
2019-07-01 21:41:39.0833333Z,0.981530601,-0.000143333
2019-07-01 21:41:39.1000000Z,0.997127425,-0.000195
2019-07-01 21:41:39.1166667Z,1.0121469,-0.00017
2019-07-01 21:41:39.1333333Z,1.019876699,-1.00E-04
2019-07-01 21:41:39.1500000Z,1.021710832,-1.83E-05
2019-07-01 21:41:39.1666667Z,1.021764384,3.17E-05
2019-07-01 21:41:39.1833333Z,1.022135896,-1.17E-05
2019-07-01 21:41:39.2000000Z,1.022790226,-1.00E-04
2019-07-01 21:41:39.2166667Z,1.023275535,-0.000148333
2019-07-01 21:41:39.2333333Z,1.023555006,-0.000123333
2019-07-01 21:41:39.2500000Z,1.023849539,-0.000123333
2019-07-01 21:41:39.2666667Z,1.024251174,-0.00012
2019-07-01 21:41:39.2833333Z,1.02471138,-0.000161667
2019-07-01 21:41:39.3000000Z,1.025126403,-0.00025
2019-07-01 21:41:39.3166667Z,1.025430976,-0.000288333
2019-07-01 21:41:39.3333333Z,1.02565857,-0.000296667
2019-07-01 21:41:39.3500000Z,1.02585604,-0.000296667
2019-07-01 21:41:39.3666667Z,1.026021714,-0.000296667
2019-07-01 21:41:39.3833333Z,1.026152246,-0.00029
2019-07-01 21:41:39.4000000Z,1.026272736,-0.000278333
2019-07-01 21:41:39.4166667Z,1.026436737,-0.000271667
2019-07-01 21:41:39.4333333Z,1.026687759,-0.000266667
2019-07-01 21:41:39.4500000Z,1.027020781,-0.000263333
2019-07-01 21:41:39.4666667Z,1.027333722,-0.000258333
2019-07-01 21:41:39.4833333Z,1.027507764,-0.000251667
2019-07-01 21:41:39.5000000Z,1.027579723,-0.000241667
2019-07-01 21:41:39.5166667Z,1.02765001,-0.00023
2019-07-01 21:41:39.5333333Z,1.027670091,-0.00022
2019-07-01 21:41:39.5500000Z,1.027532866,-0.000211667
2019-07-01 21:41:39.5666667Z,1.027296905,-0.000203333
2019-07-01 21:41:39.5833333Z,1.027124537,-0.0002
2019-07-01 21:41:39.6000000Z,1.027086047,-0.000198333
2019-07-01 21:41:39.6166667Z,1.027147966,-0.000196667
2019-07-01 21:41:39.6333333Z,1.027240007,-0.000195
2019-07-01 21:41:39.6500000Z,1.027263436,-0.000191667
2019-07-01 21:41:39.6666667Z,1.027151313,-0.000186667
2019-07-01 21:41:39.6833333Z,1.026903638,-0.000178333
2019-07-01 21:41:39.7000000Z,1.026681065,-0.000166667
2019-07-01 21:41:39.7166667Z,1.026609106,-0.000163333
2019-07-01 21:41:39.7333333Z,1.026614126,-0.000163333
2019-07-01 21:41:39.7500000Z,1.026528779,-0.000163333
2019-07-01 21:41:39.7666667Z,1.026341349,-0.000158333
2019-07-01 21:41:39.7833333Z,1.026117103,-0.000155
2019-07-01 21:41:39.8000000Z,1.025879469,-0.000153333
2019-07-01 21:41:39.8166667Z,1.025648529,-0.000156667
2019-07-01 21:41:39.8333333Z,1.025424282,-0.000165
2019-07-01 21:41:39.8500000Z,1.025161546,-0.000168333
2019-07-01 21:41:39.8666667Z,1.024913871,-0.000171667
2019-07-01 21:41:39.8833333Z,1.024731462,-0.00017
2019-07-01 21:41:39.9000000Z,1.024569135,-0.000168333
2019-07-01 21:41:39.9166667Z,1.024376685,-0.000166667
2019-07-01 21:41:39.9333333Z,1.024170847,-0.000168333
2019-07-01 21:41:39.9500000Z,1.024047009,-0.00017
2019-07-01 21:41:39.9666667Z,1.024036968,-0.000171667
2019-07-01 21:41:39.9833333Z,1.024025254,-0.00017
2019-07-01 21:41:40.0000000Z,1.023914804,-0.00017
2019-07-01 21:41:40.0166667Z,1.0237826,-0.00017
2019-07-01 21:41:40.0333333Z,1.023794314,-0.000171667
2019-07-01 21:41:40.0500000Z,1.023891376,-0.000171667
2019-07-01 21:41:40.0666667Z,1.023916478,-0.000171667
2019-07-01 21:41:40.0833333Z,1.023827783,-0.000171667
2019-07-01 21:41:40.1000000Z,1.023697252,-0.00017
2019-07-01 21:41:40.1166667Z,1.023588476,-0.000171667
2019-07-01 21:41:40.1333333Z,1.023536598,-0.000173333
2019-07-01 21:41:40.1500000Z,1.023536598,-0.000176667
2019-07-01 21:41:40.1666667Z,1.023548312,-0.000176667
2019-07-01 21:41:40.1833333Z,1.023544965,-0.000173333
2019-07-01 21:41:40.2000000Z,1.023469659,-0.00017
2019-07-01 21:41:40.2166667Z,1.023298964,-0.000168333
2019-07-01 21:41:40.2333333Z,1.0231768,-0.000171667
2019-07-01 21:41:40.2500000Z,1.023221984,-0.000175
2019-07-01 21:41:40.2666667Z,1.023367577,-0.000176667
2019-07-01 21:41:40.2833333Z,1.023508149,-0.000181667
2019-07-01 21:41:40.3000000Z,1.023608558,-0.000183333
2019-07-01 21:41:40.3166667Z,1.023693905,-0.000181667
2019-07-01 21:41:40.3333333Z,1.023807702,-0.000181667
2019-07-01 21:41:40.3500000Z,1.023939907,-0.000185
2019-07-01 21:41:40.3666667Z,1.024043662,-0.000185
2019-07-01 21:41:40.3833333Z,1.024097214,-0.000185
2019-07-01 21:41:40.4000000Z,1.024127336,-0.000186667
2019-07-01 21:41:40.4166667Z,1.024179214,-0.00018
2019-07-01 21:41:40.4333333Z,1.02424448,-0.000178333
2019-07-01 21:41:40.4500000Z,1.024276276,-0.000176667
2019-07-01 21:41:40.4666667Z,1.0242495,-0.000176667
2019-07-01 21:41:40.4833333Z,1.024182561,-0.000176667
2019-07-01 21:41:40.5000000Z,1.024123989,-0.000178333
2019-07-01 21:41:40.5166667Z,1.024098887,-0.00018
2019-07-01 21:41:40.5333333Z,1.024043662,-0.00018
2019-07-01 21:41:40.5500000Z,1.023956641,-0.00018
2019-07-01 21:41:40.5666667Z,1.023924845,-0.000178333
2019-07-01 21:41:40.5833333Z,1.023971703,-0.000176667
2019-07-01 21:41:40.6000000Z,1.024015213,-0.000176667
2019-07-01 21:41:40.6166667Z,1.024005172,-0.000175
2019-07-01 21:41:40.6333333Z,1.023991784,-0.000175
2019-07-01 21:41:40.6500000Z,1.023990111,-0.000173333
2019-07-01 21:41:40.6666667Z,1.023938233,-0.000173333
2019-07-01 21:41:40.6833333Z,1.023836151,-0.000173333
2019-07-01 21:41:40.7000000Z,1.023802681,-0.000175
2019-07-01 21:41:40.7166667Z,1.023921498,-0.000176667
2019-07-01 21:41:40.7333333Z,1.024067091,-0.000176667
2019-07-01 21:41:40.7500000Z,1.024080479,-0.000176667
2019-07-01 21:41:40.7666667Z,1.023958315,-0.000176667
2019-07-01 21:41:40.7833333Z,1.023837824,-0.000175
2019-07-01 21:41:40.8000000Z,1.023894723,-0.000173333
2019-07-01 21:41:40.8166667Z,1.024127336,-0.000171667
2019-07-01 21:41:40.8333333Z,1.024339868,-0.000165
2019-07-01 21:41:40.8500000Z,1.024405134,-0.000165
2019-07-01 21:41:40.8666667Z,1.024354929,-0.000165
2019-07-01 21:41:40.8833333Z,1.024262888,-0.000165
2019-07-01 21:41:40.9000000Z,1.024125663,-0.00016
2019-07-01 21:41:40.9166667Z,1.023928192,-0.000153333
2019-07-01 21:41:40.9333333Z,1.023740763,-0.000148333
2019-07-01 21:41:40.9500000Z,1.023647048,-0.00014
2019-07-01 21:41:40.9666667Z,1.023637007,-0.000138333
2019-07-01 21:41:40.9833333Z,1.023593496,-0.000146667
2019-07-01 21:41:41.0000000Z,1.023456271,-0.000156667
2019-07-01 21:41:41.0166667Z,1.023327413,-0.000161667
2019-07-01 21:41:41.0333333Z,1.023354189,-0.00016
2019-07-01 21:41:41.0500000Z,1.023516516,-0.00015
2019-07-01 21:41:41.0666667Z,1.023688885,-0.000146667
2019-07-01 21:41:41.0833333Z,1.023760844,-0.000155
2019-07-01 21:41:41.1000000Z,1.023650395,-0.000173333
2019-07-01 21:41:41.1166667Z,1.023467985,-0.000188333
2019-07-01 21:41:41.1333333Z,1.023387658,-0.00019
2019-07-01 21:41:41.1500000Z,1.023493088,-0.000178333
2019-07-01 21:41:41.1666667Z,1.023658762,-0.000168333
2019-07-01 21:41:41.1833333Z,1.023698926,-0.000168333
2019-07-01 21:41:41.2000000Z,1.023620272,-0.000166667
2019-07-01 21:41:41.2166667Z,1.023538272,-0.000168333
2019-07-01 21:41:41.2333333Z,1.023462965,-0.000168333
2019-07-01 21:41:41.2500000Z,1.023360883,-0.000171667
2019-07-01 21:41:41.2666667Z,1.023267168,-0.000171667
2019-07-01 21:41:41.2833333Z,1.023225331,-0.000168333
2019-07-01 21:41:41.3000000Z,1.023265494,-0.000163333
2019-07-01 21:41:41.3166667Z,1.023370924,-0.000163333
2019-07-01 21:41:41.3333333Z,1.023409414,-0.000163333
2019-07-01 21:41:41.3500000Z,1.023263821,-0.000163333
2019-07-01 21:41:41.3666667Z,1.023083085,-0.000163333
2019-07-01 21:41:41.3833333Z,1.023081412,-0.000163333
2019-07-01 21:41:41.4000000Z,1.023302311,-0.000163333
2019-07-01 21:41:41.4166667Z,1.023534925,-0.000158333
2019-07-01 21:41:41.4333333Z,1.023591823,-0.000158333
2019-07-01 21:41:41.4500000Z,1.023489741,-0.000156667
2019-07-01 21:41:41.4666667Z,1.023367577,-0.000161667
2019-07-01 21:41:41.4833333Z,1.023337454,-0.000161667
2019-07-01 21:41:41.5000000Z,1.023406067,-0.000151667
2019-07-01 21:41:41.5166667Z,1.023467985,-0.000145
2019-07-01 21:41:41.5333333Z,1.023469659,-0.000143333
2019-07-01 21:41:41.5500000Z,1.023397699,-0.000151667
2019-07-01 21:41:41.5666667Z,1.02324876,-0.00016
2019-07-01 21:41:41.5833333Z,1.023093126,-0.00016
2019-07-01 21:41:41.6000000Z,1.023042922,-0.000158333
2019-07-01 21:41:41.6166667Z,1.023098147,-0.000156667
2019-07-01 21:41:41.6333333Z,1.023196882,-0.00016
2019-07-01 21:41:41.6500000Z,1.023258801,-0.00016
2019-07-01 21:41:41.6666667Z,1.023206923,-0.00016
2019-07-01 21:41:41.6833333Z,1.023046269,-0.000155
2019-07-01 21:41:41.7000000Z,1.022919084,-0.000143333
2019-07-01 21:41:41.7166667Z,1.022905696,-0.000135
2019-07-01 21:41:41.7333333Z,1.022942513,-0.00013
2019-07-01 21:41:41.7500000Z,1.022962595,-0.000125
2019-07-01 21:41:41.7666667Z,1.022977656,-0.000121667
2019-07-01 21:41:41.7833333Z,1.023024514,-0.000121667
2019-07-01 21:41:41.8000000Z,1.02313329,-0.00012
2019-07-01 21:41:41.8166667Z,1.023258801,-0.000118333
2019-07-01 21:41:41.8333333Z,1.023355862,-0.000121667
2019-07-01 21:41:41.8500000Z,1.023426148,-0.000121667
2019-07-01 21:41:41.8666667Z,1.023421128,-0.000121667
2019-07-01 21:41:41.8833333Z,1.023302311,-0.000121667
2019-07-01 21:41:41.9000000Z,1.023156718,-0.00012
2019-07-01 21:41:41.9166667Z,1.023081412,-0.000113333
2019-07-01 21:41:41.9333333Z,1.023106514,-0.000106667
2019-07-01 21:41:41.9500000Z,1.023200229,-0.000106667
2019-07-01 21:41:41.9666667Z,1.023309005,-0.000106667
2019-07-01 21:41:41.9833333Z,1.023329087,-0.000108333
2019-07-01 21:41:42.0000000Z,1.023195208,-0.000103333
2019-07-01 21:41:42.0166667Z,1.02302786,-9.83E-05
2019-07-01 21:41:42.0333333Z,1.023036228,-0.000101667
2019-07-01 21:41:42.0500000Z,1.023216964,-0.00011
2019-07-01 21:41:42.0666667Z,1.023432842,-0.000118333
2019-07-01 21:41:42.0833333Z,1.023549986,-0.000121667
2019-07-01 21:41:42.1000000Z,1.023513169,-0.000121667
2019-07-01 21:41:42.1166667Z,1.023382638,-0.000111667
2019-07-01 21:41:42.1333333Z,1.023268841,-0.000103333
2019-07-01 21:41:42.1500000Z,1.023211943,-0.000105
2019-07-01 21:41:42.1666667Z,1.023211943,-0.000113333
2019-07-01 21:41:42.1833333Z,1.023230351,-0.000116667
2019-07-01 21:41:42.2000000Z,1.023220311,-0.000111667
2019-07-01 21:41:42.2166667Z,1.02321529,-0.00011
2019-07-01 21:41:42.2333333Z,1.023335781,-0.00011
2019-07-01 21:41:42.2500000Z,1.0235617,-0.000113333
2019-07-01 21:41:42.2666667Z,1.023647048,-0.000113333
2019-07-01 21:41:42.2833333Z,1.023509822,-0.000113333
2019-07-01 21:41:42.3000000Z,1.023303985,-0.000111667
2019-07-01 21:41:42.3166667Z,1.023175127,-0.000106667
2019-07-01 21:41:42.3333333Z,1.023146677,-0.000106667
2019-07-01 21:41:42.3500000Z,1.023223658,-0.00011
2019-07-01 21:41:42.3666667Z,1.023370924,-0.000113333
2019-07-01 21:41:42.3833333Z,1.023519863,-0.000108333
2019-07-01 21:41:42.4000000Z,1.023596843,-9.83E-05
2019-07-01 21:41:42.4166667Z,1.0235617,-9.33E-05
2019-07-01 21:41:42.4333333Z,1.023432842,-9.83E-05
2019-07-01 21:41:42.4500000Z,1.023342475,-0.000103333
2019-07-01 21:41:42.4666667Z,1.023360883,-0.000108333
2019-07-01 21:41:42.4833333Z,1.023401046,-0.000111667
2019-07-01 21:41:42.5000000Z,1.023372597,-0.000111667
2019-07-01 21:41:42.5166667Z,1.023257127,-0.000108333
2019-07-01 21:41:42.5333333Z,1.023093126,-0.000103333
2019-07-01 21:41:42.5500000Z,1.022999411,-0.000105
2019-07-01 21:41:42.5666667Z,1.023083085,-0.000108333
2019-07-01 21:41:42.5833333Z,1.023277209,-0.000111667
2019-07-01 21:41:42.6000000Z,1.023334107,-0.000111667
2019-07-01 21:41:42.6166667Z,1.023118228,-0.000111667
2019-07-01 21:41:42.6333333Z,1.022760104,-0.000111667
2019-07-01 21:41:42.6500000Z,1.02248398,-0.000108333
2019-07-01 21:41:42.6666667Z,1.022355122,-0.000105
2019-07-01 21:41:42.6833333Z,1.022294877,-0.000106667
2019-07-01 21:41:42.7000000Z,1.022221244,-0.000108333
2019-07-01 21:41:42.7166667Z,1.022149284,-0.00011
2019-07-01 21:41:42.7333333Z,1.022171039,-0.000111667
2019-07-01 21:41:42.7500000Z,1.022283162,-0.000111667
2019-07-01 21:41:42.7666667Z,1.022365163,-0.000111667
2019-07-01 21:41:42.7833333Z,1.022340061,-0.00011
2019-07-01 21:41:42.8000000Z,1.022221244,-0.000108333
2019-07-01 21:41:42.8166667Z,1.02210912,-0.000106667
2019-07-01 21:41:42.8333333Z,1.022149284,-0.000111667
2019-07-01 21:41:42.8500000Z,1.022311611,-0.000115
2019-07-01 21:41:42.8666667Z,1.022408673,-0.000116667
2019-07-01 21:41:42.8833333Z,1.022378551,-0.000111667
2019-07-01 21:41:42.9000000Z,1.02233002,-0.000105
2019-07-01 21:41:42.9166667Z,1.022370183,-9.83E-05
2019-07-01 21:41:42.9333333Z,1.022482306,-9.50E-05
2019-07-01 21:41:42.9500000Z,1.022539205,-9.67E-05
2019-07-01 21:41:42.9666667Z,1.022482306,-1.00E-04
2019-07-01 21:41:42.9833333Z,1.022428755,-0.000105
2019-07-01 21:41:43.0000000Z,1.022453857,-0.000103333
2019-07-01 21:41:43.0166667Z,1.022492347,-1.00E-04
2019-07-01 21:41:43.0333333Z,1.022494021,-9.83E-05
2019-07-01 21:41:43.0500000Z,1.022544225,-0.000101667
2019-07-01 21:41:43.0666667Z,1.022656348,-0.000105
2019-07-01 21:41:43.0833333Z,1.022729981,-0.000108333
2019-07-01 21:41:43.1000000Z,1.022721614,-0.00011
2019-07-01 21:41:43.1166667Z,1.022740022,-0.00011
2019-07-01 21:41:43.1333333Z,1.022820349,-0.00011
2019-07-01 21:41:43.1500000Z,1.022827043,-0.000108333
2019-07-01 21:41:43.1666667Z,1.022726634,-0.000105
2019-07-01 21:41:43.1833333Z,1.022659695,-0.000106667
2019-07-01 21:41:43.2000000Z,1.02271994,-0.000108333
2019-07-01 21:41:43.2166667Z,1.022877247,-0.000108333
2019-07-01 21:41:43.2333333Z,1.023104841,-0.000108333
2019-07-01 21:41:43.2500000Z,1.023324066,-0.000108333
2019-07-01 21:41:43.2666667Z,1.023429495,-0.000108333
2019-07-01 21:41:43.2833333Z,1.023426148,-0.000108333
2019-07-01 21:41:43.3000000Z,1.023396026,-0.000106667
2019-07-01 21:41:43.3166667Z,1.023432842,-0.00011
2019-07-01 21:41:43.3333333Z,1.023555006,-0.000113333
2019-07-01 21:41:43.3500000Z,1.023645374,-0.000113333
2019-07-01 21:41:43.3666667Z,1.023553333,-0.000111667
2019-07-01 21:41:43.3833333Z,1.023370924,-0.000106667
2019-07-01 21:41:43.4000000Z,1.023352515,-0.000106667
2019-07-01 21:41:43.4166667Z,1.023549986,-0.000106667
2019-07-01 21:41:43.4333333Z,1.023757497,-0.000108333
2019-07-01 21:41:43.4500000Z,1.023846192,-0.00011
2019-07-01 21:41:43.4666667Z,1.023896396,-0.000108333
2019-07-01 21:41:43.4833333Z,1.023948274,-0.000103333
2019-07-01 21:41:43.5000000Z,1.023978397,-9.83E-05
2019-07-01 21:41:43.5166667Z,1.024006846,-9.33E-05
2019-07-01 21:41:43.5333333Z,1.024005172,-9.50E-05
2019-07-01 21:41:43.5500000Z,1.023918151,-9.50E-05
2019-07-01 21:41:43.5666667Z,1.023871294,-9.00E-05
2019-07-01 21:41:43.5833333Z,1.02390309,-9.00E-05
2019-07-01 21:41:43.6000000Z,1.023883008,-9.00E-05
2019-07-01 21:41:43.6166667Z,1.023757497,-9.00E-05
2019-07-01 21:41:43.6333333Z,1.023626966,-9.00E-05
2019-07-01 21:41:43.6500000Z,1.023548312,-8.83E-05
2019-07-01 21:41:43.6666667Z,1.023501455,-8.67E-05
2019-07-01 21:41:43.6833333Z,1.023491414,-9.00E-05
2019-07-01 21:41:43.7000000Z,1.023549986,-9.33E-05
2019-07-01 21:41:43.7166667Z,1.023678844,-9.50E-05
2019-07-01 21:41:43.7333333Z,1.023807702,-9.33E-05
2019-07-01 21:41:43.7500000Z,1.023851212,-9.00E-05
2019-07-01 21:41:43.7666667Z,1.023797661,-8.50E-05
2019-07-01 21:41:43.7833333Z,1.023717334,-8.00E-05
2019-07-01 21:41:43.8000000Z,1.02367215,-7.67E-05
2019-07-01 21:41:43.8166667Z,1.023695579,-7.67E-05
2019-07-01 21:41:43.8333333Z,1.023745783,-8.00E-05
2019-07-01 21:41:43.8500000Z,1.02374913,-8.17E-05
2019-07-01 21:41:43.8666667Z,1.023688885,-8.17E-05
2019-07-01 21:41:43.8833333Z,1.023590149,-7.83E-05
2019-07-01 21:41:43.9000000Z,1.0234797,-7.67E-05
2019-07-01 21:41:43.9166667Z,1.023359209,-7.67E-05
2019-07-01 21:41:43.9333333Z,1.023327413,-7.67E-05
2019-07-01 21:41:43.9500000Z,1.023461292,-7.50E-05
2019-07-01 21:41:43.9666667Z,1.02367215,-7.50E-05
2019-07-01 21:41:43.9833333Z,1.023780926,-7.50E-05
2019-07-01 21:41:44.0000000Z,1.023742436,-7.00E-05
2019-07-01 21:41:44.0166667Z,1.023570068,-6.50E-05
2019-07-01 21:41:44.0333333Z,1.023305658,-6.50E-05
2019-07-01 21:41:44.0500000Z,1.023071371,-6.50E-05
2019-07-01 21:41:44.0666667Z,1.022965942,-6.67E-05
2019-07-01 21:41:44.0833333Z,1.022937493,-7.00E-05
2019-07-01 21:41:44.1000000Z,1.022893982,-7.17E-05
2019-07-01 21:41:44.1166667Z,1.02283039,-7.17E-05
2019-07-01 21:41:44.1333333Z,1.022801941,-7.33E-05
2019-07-01 21:41:44.1500000Z,1.022890635,-7.67E-05
2019-07-01 21:41:44.1666667Z,1.023086432,-8.00E-05
2019-07-01 21:41:44.1833333Z,1.023263821,-8.00E-05
2019-07-01 21:41:44.2000000Z,1.023375944,-7.83E-05
2019-07-01 21:41:44.2166667Z,1.023476353,-7.50E-05
2019-07-01 21:41:44.2333333Z,1.023560027,-7.33E-05
2019-07-01 21:41:44.2500000Z,1.023588476,-7.17E-05
2019-07-01 21:41:44.2666667Z,1.023581782,-7.17E-05
2019-07-01 21:41:44.2833333Z,1.023618599,-7.17E-05
2019-07-01 21:41:44.3000000Z,1.023675497,-6.67E-05
2019-07-01 21:41:44.3166667Z,1.023720681,-6.33E-05
2019-07-01 21:41:44.3333333Z,1.023729048,-6.33E-05
2019-07-01 21:41:44.3500000Z,1.023698926,-6.50E-05
2019-07-01 21:41:44.3666667Z,1.023618599,-6.83E-05
2019-07-01 21:41:44.3833333Z,1.023541619,-7.00E-05
2019-07-01 21:41:44.4000000Z,1.023524884,-6.67E-05
2019-07-01 21:41:44.4166667Z,1.023580109,-6.50E-05
2019-07-01 21:41:44.4333333Z,1.023670476,-6.67E-05
2019-07-01 21:41:44.4500000Z,1.023762518,-6.67E-05
2019-07-01 21:41:44.4666667Z,1.023812722,-6.67E-05
2019-07-01 21:41:44.4833333Z,1.023801008,-6.67E-05
2019-07-01 21:41:44.5000000Z,1.023737416,-6.67E-05
2019-07-01 21:41:44.5166667Z,1.023645374,-6.67E-05
2019-07-01 21:41:44.5333333Z,1.023558353,-6.67E-05
2019-07-01 21:41:44.5500000Z,1.023538272,-6.50E-05
2019-07-01 21:41:44.5666667Z,1.023615252,-6.50E-05
2019-07-01 21:41:44.5833333Z,1.023727375,-6.17E-05
2019-07-01 21:41:44.6000000Z,1.023811049,-6.00E-05
2019-07-01 21:41:44.6166667Z,1.02385958,-6.00E-05
2019-07-01 21:41:44.6333333Z,1.023886355,-6.17E-05
2019-07-01 21:41:44.6500000Z,1.023924845,-6.50E-05
2019-07-01 21:41:44.6666667Z,1.023968356,-6.50E-05
2019-07-01 21:41:44.6833333Z,1.023958315,-6.33E-05
2019-07-01 21:41:44.7000000Z,1.023829457,-6.00E-05
2019-07-01 21:41:44.7166667Z,1.023645374,-6.00E-05
2019-07-01 21:41:44.7333333Z,1.02351819,-6.33E-05
2019-07-01 21:41:44.7500000Z,1.02344623,-6.83E-05
2019-07-01 21:41:44.7666667Z,1.023340801,-7.33E-05
2019-07-01 21:41:44.7833333Z,1.023211943,-7.67E-05
2019-07-01 21:41:44.8000000Z,1.023134963,-7.83E-05
2019-07-01 21:41:44.8166667Z,1.023158392,-8.00E-05
2019-07-01 21:41:44.8333333Z,1.023245413,-8.00E-05
2019-07-01 21:41:44.8500000Z,1.023322393,-8.00E-05
2019-07-01 21:41:44.8666667Z,1.023312352,-8.00E-05
2019-07-01 21:41:44.8833333Z,1.023245413,-8.00E-05
2019-07-01 21:41:44.9000000Z,1.023134963,-8.17E-05
2019-07-01 21:41:44.9166667Z,1.022932472,-8.17E-05
2019-07-01 21:41:44.9333333Z,1.022629572,-8.33E-05
2019-07-01 21:41:44.9500000Z,1.022348428,-8.50E-05
2019-07-01 21:41:44.9666667Z,1.022177733,-8.83E-05
2019-07-01 21:41:44.9833333Z,1.022122508,-9.00E-05
2019-07-01 21:41:45.0000000Z,1.022234631,-9.17E-05
2019-07-01 21:41:45.0166667Z,1.022514102,-9.50E-05
2019-07-01 21:41:45.0333333Z,1.022781859,-9.50E-05
2019-07-01 21:41:45.0500000Z,1.022872227,-9.50E-05
2019-07-01 21:41:45.0666667Z,1.02283541,-9.33E-05
2019-07-01 21:41:45.0833333Z,1.022756757,-9.00E-05
2019-07-01 21:41:45.1000000Z,1.022668062,-8.67E-05
2019-07-01 21:41:45.1166667Z,1.022597776,-8.33E-05
2019-07-01 21:41:45.1333333Z,1.022592756,-8.17E-05
2019-07-01 21:41:45.1500000Z,1.022621205,-8.17E-05
2019-07-01 21:41:45.1666667Z,1.022641287,-8.17E-05
2019-07-01 21:41:45.1833333Z,1.022668062,-8.17E-05
2019-07-01 21:41:45.2000000Z,1.02275341,-8.33E-05
2019-07-01 21:41:45.2166667Z,1.022852145,-8.67E-05
2019-07-01 21:41:45.2333333Z,1.02286386,-9.00E-05
2019-07-01 21:41:45.2500000Z,1.022811982,-9.17E-05
2019-07-01 21:41:45.2666667Z,1.022800267,-9.17E-05
2019-07-01 21:41:45.2833333Z,1.022822023,-9.17E-05
2019-07-01 21:41:45.3000000Z,1.022820349,-9.00E-05
2019-07-01 21:41:45.3166667Z,1.022832063,-9.00E-05
2019-07-01 21:41:45.3333333Z,1.022880594,-9.17E-05
2019-07-01 21:41:45.3500000Z,1.022806961,-9.50E-05
2019-07-01 21:41:45.3666667Z,1.022559286,-9.50E-05
2019-07-01 21:41:45.3833333Z,1.022415367,-9.17E-05
2019-07-01 21:41:45.4000000Z,1.022550919,-8.83E-05
2019-07-01 21:41:45.4166667Z,1.02283039,-8.83E-05
2019-07-01 21:41:45.4333333Z,1.023076391,-8.67E-05
2019-07-01 21:41:45.4500000Z,1.023208596,-8.83E-05
2019-07-01 21:41:45.4666667Z,1.02324876,-9.17E-05
2019-07-01 21:41:45.4833333Z,1.023237045,-9.00E-05
2019-07-01 21:41:45.5000000Z,1.023220311,-8.83E-05
2019-07-01 21:41:45.5166667Z,1.023201902,-8.83E-05
2019-07-01 21:41:45.5333333Z,1.023203576,-8.83E-05
2019-07-01 21:41:45.5500000Z,1.023242066,-9.17E-05
2019-07-01 21:41:45.5666667Z,1.023329087,-9.50E-05
2019-07-01 21:41:45.5833333Z,1.023476353,-9.83E-05
2019-07-01 21:41:45.6000000Z,1.023683864,-1.00E-04
2019-07-01 21:41:45.6166667Z,1.023894723,-0.000101667
2019-07-01 21:41:45.6333333Z,1.023968356,-0.000101667
2019-07-01 21:41:45.6500000Z,1.023801008,-1.00E-04
2019-07-01 21:41:45.6666667Z,1.023524884,-9.67E-05
2019-07-01 21:41:45.6833333Z,1.023391005,-9.33E-05
2019-07-01 21:41:45.7000000Z,1.023421128,-9.50E-05
2019-07-01 21:41:45.7166667Z,1.023421128,-9.67E-05
2019-07-01 21:41:45.7333333Z,1.023221984,-9.83E-05
2019-07-01 21:41:45.7500000Z,1.022893982,-9.67E-05
2019-07-01 21:41:45.7666667Z,1.022649654,-9.17E-05
2019-07-01 21:41:45.7833333Z,1.022530837,-9.17E-05
2019-07-01 21:41:45.8000000Z,1.022420388,-9.50E-05
2019-07-01 21:41:45.8166667Z,1.022279815,-9.83E-05
2019-07-01 21:41:45.8333333Z,1.022189447,-9.83E-05
2019-07-01 21:41:45.8500000Z,1.022179407,-9.83E-05
2019-07-01 21:41:45.8666667Z,1.022197815,-9.83E-05
2019-07-01 21:41:45.8833333Z,1.022201162,-9.67E-05
2019-07-01 21:41:45.9000000Z,1.022226264,-9.33E-05
2019-07-01 21:41:45.9166667Z,1.022278142,-9.33E-05
2019-07-01 21:41:45.9333333Z,1.022301571,-9.50E-05
2019-07-01 21:41:45.9500000Z,1.022289856,-9.50E-05
2019-07-01 21:41:45.9666667Z,1.022283162,-9.50E-05
2019-07-01 21:41:45.9833333Z,1.022281489,-9.17E-05
2019-07-01 21:41:46.0000000Z,1.022271448,-8.83E-05
2019-07-01 21:41:46.0166667Z,1.022266428,-8.67E-05
2019-07-01 21:41:46.0333333Z,1.022248019,-8.67E-05
2019-07-01 21:41:46.0500000Z,1.022241325,-9.17E-05
2019-07-01 21:41:46.0666667Z,1.022345081,-9.50E-05
2019-07-01 21:41:46.0833333Z,1.022532511,-9.83E-05
2019-07-01 21:41:46.1000000Z,1.022666389,-9.83E-05
2019-07-01 21:41:46.1166667Z,1.02271994,-9.33E-05
2019-07-01 21:41:46.1333333Z,1.022780186,-9.00E-05
2019-07-01 21:41:46.1500000Z,1.02290235,-9.17E-05
2019-07-01 21:41:46.1666667Z,1.023021167,-9.33E-05
2019-07-01 21:41:46.1833333Z,1.02297933,-9.67E-05
2019-07-01 21:41:46.2000000Z,1.022741696,-0.000101667
2019-07-01 21:41:46.2166667Z,1.022537531,-1.00E-04
2019-07-01 21:41:46.2333333Z,1.022552592,-1.00E-04
2019-07-01 21:41:46.2500000Z,1.022659695,-9.67E-05
2019-07-01 21:41:46.2666667Z,1.022646307,-9.67E-05
2019-07-01 21:41:46.2833333Z,1.022519123,-1.00E-04
2019-07-01 21:41:46.3000000Z,1.022413694,-0.000103333
2019-07-01 21:41:46.3166667Z,1.022400306,-0.000105
2019-07-01 21:41:46.3333333Z,1.022465572,-0.000108333
2019-07-01 21:41:46.3500000Z,1.02252749,-0.00011
2019-07-01 21:41:46.3666667Z,1.022524143,-0.00011
2019-07-01 21:41:46.3833333Z,1.022534184,-0.000108333
2019-07-01 21:41:46.4000000Z,1.022659695,-0.000106667
2019-07-01 21:41:46.4166667Z,1.022832063,-0.00011
2019-07-01 21:41:46.4333333Z,1.022915737,-0.000113333
2019-07-01 21:41:46.4500000Z,1.02290235,-0.000115
2019-07-01 21:41:46.4666667Z,1.022843778,-0.000115
2019-07-01 21:41:46.4833333Z,1.022780186,-0.000113333
2019-07-01 21:41:46.5000000Z,1.022735002,-0.000111667
2019-07-01 21:41:46.5166667Z,1.022743369,-0.000106667
2019-07-01 21:41:46.5333333Z,1.02283541,-0.000105
2019-07-01 21:41:46.5500000Z,1.022925778,-0.000105
2019-07-01 21:41:46.5666667Z,1.02286386,-0.000103333
2019-07-01 21:41:46.5833333Z,1.022718267,-0.000101667
2019-07-01 21:41:46.6000000Z,1.022664716,-0.000101667
2019-07-01 21:41:46.6166667Z,1.022708226,-0.000101667
2019-07-01 21:41:46.6333333Z,1.022755083,-0.000103333
2019-07-01 21:41:46.6500000Z,1.022760104,-0.000105
2019-07-01 21:41:46.6666667Z,1.022729981,-0.000108333
2019-07-01 21:41:46.6833333Z,1.02267643,-0.000108333
2019-07-01 21:41:46.7000000Z,1.022606144,-0.000111667
2019-07-01 21:41:46.7166667Z,1.022557613,-0.000113333
2019-07-01 21:41:46.7333333Z,1.022555939,-0.000116667
2019-07-01 21:41:46.7500000Z,1.022554266,-0.000116667
2019-07-01 21:41:46.7666667Z,1.022525817,-0.000116667
2019-07-01 21:41:46.7833333Z,1.022515776,-0.000113333
2019-07-01 21:41:46.8000000Z,1.022557613,-0.000111667
2019-07-01 21:41:46.8166667Z,1.022607817,-0.00011
2019-07-01 21:41:46.8333333Z,1.022611164,-0.000108333
2019-07-01 21:41:46.8500000Z,1.022587735,-0.000106667
2019-07-01 21:41:46.8666667Z,1.02263794,-0.000105
2019-07-01 21:41:46.8833333Z,1.022817002,-0.000105
2019-07-01 21:41:46.9000000Z,1.023063004,-0.000105
2019-07-01 21:41:46.9166667Z,1.023267168,-0.000101667
2019-07-01 21:41:46.9333333Z,1.023404393,-9.83E-05
2019-07-01 21:41:46.9500000Z,1.023513169,-9.83E-05
2019-07-01 21:41:46.9666667Z,1.023536598,-1.00E-04
2019-07-01 21:41:46.9833333Z,1.023429495,-1.00E-04
2019-07-01 21:41:47.0000000Z,1.023273862,-1.00E-04
2019-07-01 21:41:47.0166667Z,1.023193535,-1.00E-04
2019-07-01 21:41:47.0333333Z,1.023181821,-9.83E-05
2019-07-01 21:41:47.0500000Z,1.02317178,-9.50E-05
2019-07-01 21:41:47.0666667Z,1.023208596,-9.33E-05
2019-07-01 21:41:47.0833333Z,1.023285576,-9.50E-05
2019-07-01 21:41:47.1000000Z,1.023300638,-9.67E-05
2019-07-01 21:41:47.1166667Z,1.023238719,-9.50E-05
2019-07-01 21:41:47.1333333Z,1.023220311,-9.17E-05
2019-07-01 21:41:47.1500000Z,1.023293944,-9.17E-05
2019-07-01 21:41:47.1666667Z,1.023424475,-9.50E-05
2019-07-01 21:41:47.1833333Z,1.023610231,-9.83E-05
2019-07-01 21:41:47.2000000Z,1.02375415,-0.000101667
2019-07-01 21:41:47.2166667Z,1.023732395,-0.000103333
2019-07-01 21:41:47.2333333Z,1.023586802,-0.000103333
2019-07-01 21:41:47.2500000Z,1.023498108,-0.000101667
2019-07-01 21:41:47.2666667Z,1.023464638,-9.83E-05
2019-07-01 21:41:47.2833333Z,1.023380965,-9.83E-05
2019-07-01 21:41:47.3000000Z,1.023216964,-9.83E-05
2019-07-01 21:41:47.3166667Z,1.023079738,-9.83E-05
2019-07-01 21:41:47.3333333Z,1.023063004,-9.33E-05
2019-07-01 21:41:47.3500000Z,1.023175127,-9.17E-05
2019-07-01 21:41:47.3666667Z,1.023314025,-9.00E-05
2019-07-01 21:41:47.3833333Z,1.023380965,-8.83E-05
2019-07-01 21:41:47.4000000Z,1.023355862,-8.67E-05
2019-07-01 21:41:47.4166667Z,1.023283903,-8.50E-05
2019-07-01 21:41:47.4333333Z,1.023221984,-8.33E-05
2019-07-01 21:41:47.4500000Z,1.023208596,-8.00E-05
2019-07-01 21:41:47.4666667Z,1.023257127,-8.00E-05
2019-07-01 21:41:47.4833333Z,1.023352515,-8.00E-05
2019-07-01 21:41:47.5000000Z,1.023467985,-8.17E-05
2019-07-01 21:41:47.5166667Z,1.023551659,-8.17E-05
2019-07-01 21:41:47.5333333Z,1.023546639,-7.83E-05
2019-07-01 21:41:47.5500000Z,1.023439536,-7.50E-05
2019-07-01 21:41:47.5666667Z,1.023320719,-7.33E-05
2019-07-01 21:41:47.5833333Z,1.023270515,-7.50E-05
2019-07-01 21:41:47.6000000Z,1.023282229,-8.00E-05
2019-07-01 21:41:47.6166667Z,1.023307331,-8.17E-05
2019-07-01 21:41:47.6333333Z,1.023314025,-8.00E-05
2019-07-01 21:41:47.6500000Z,1.023262148,-7.50E-05
2019-07-01 21:41:47.6666667Z,1.023129943,-6.83E-05
2019-07-01 21:41:47.6833333Z,1.023036228,-6.67E-05
2019-07-01 21:41:47.7000000Z,1.023096473,-6.83E-05
2019-07-01 21:41:47.7166667Z,1.023278882,-7.33E-05
2019-07-01 21:41:47.7333333Z,1.023464638,-7.83E-05
2019-07-01 21:41:47.7500000Z,1.023548312,-7.50E-05
2019-07-01 21:41:47.7666667Z,1.023533251,-6.50E-05
2019-07-01 21:41:47.7833333Z,1.023529904,-5.50E-05
2019-07-01 21:41:47.8000000Z,1.023606884,-5.67E-05
2019-07-01 21:41:47.8166667Z,1.023678844,-6.67E-05
2019-07-01 21:41:47.8333333Z,1.023650395,-7.67E-05
2019-07-01 21:41:47.8500000Z,1.023610231,-7.83E-05
2019-07-01 21:41:47.8666667Z,1.023647048,-7.67E-05
2019-07-01 21:41:47.8833333Z,1.023673823,-7.17E-05
2019-07-01 21:41:47.9000000Z,1.023603537,-6.67E-05
2019-07-01 21:41:47.9166667Z,1.023488067,-6.50E-05
2019-07-01 21:41:47.9333333Z,1.023416108,-6.50E-05
2019-07-01 21:41:47.9500000Z,1.023414434,-6.50E-05
2019-07-01 21:41:47.9666667Z,1.023459618,-6.67E-05
2019-07-01 21:41:47.9833333Z,1.023541619,-6.50E-05
2019-07-01 21:41:48.0000000Z,1.023655415,-6.33E-05
2019-07-01 21:41:48.0166667Z,1.023759171,-6.33E-05
2019-07-01 21:41:48.0333333Z,1.023827783,-6.33E-05
2019-07-01 21:41:48.0500000Z,1.023857906,-6.33E-05
2019-07-01 21:41:48.0666667Z,1.023772559,-6.33E-05
2019-07-01 21:41:48.0833333Z,1.023555006,-6.33E-05
2019-07-01 21:41:48.1000000Z,1.023342475,-6.50E-05
2019-07-01 21:41:48.1166667Z,1.023260474,-6.83E-05
2019-07-01 21:41:48.1333333Z,1.023285576,-6.83E-05
2019-07-01 21:41:48.1500000Z,1.023350842,-6.67E-05
2019-07-01 21:41:48.1666667Z,1.023437863,-6.83E-05
2019-07-01 21:41:48.1833333Z,1.023570068,-6.83E-05
2019-07-01 21:41:48.2000000Z,1.023713987,-6.67E-05
2019-07-01 21:41:48.2166667Z,1.023765865,-6.33E-05
2019-07-01 21:41:48.2333333Z,1.023675497,-6.33E-05
2019-07-01 21:41:48.2500000Z,1.023548312,-6.33E-05
2019-07-01 21:41:48.2666667Z,1.023509822,-6.17E-05
2019-07-01 21:41:48.2833333Z,1.023566721,-6.17E-05
2019-07-01 21:41:48.3000000Z,1.023698926,-6.33E-05
2019-07-01 21:41:48.3166667Z,1.023872967,-6.67E-05
2019-07-01 21:41:48.3333333Z,1.024038642,-6.33E-05
2019-07-01 21:41:48.3500000Z,1.024108928,-5.83E-05
2019-07-01 21:41:48.3666667Z,1.024068764,-5.83E-05
2019-07-01 21:41:48.3833333Z,1.024065417,-6.17E-05
2019-07-01 21:41:48.4000000Z,1.024216031,-6.67E-05
2019-07-01 21:41:48.4166667Z,1.024375011,-6.67E-05
2019-07-01 21:41:48.4333333Z,1.024338195,-6.67E-05
2019-07-01 21:41:48.4500000Z,1.024144071,-6.67E-05
2019-07-01 21:41:48.4666667Z,1.023978397,-6.50E-05
2019-07-01 21:41:48.4833333Z,1.023931539,-6.33E-05
2019-07-01 21:41:48.5000000Z,1.023988437,-6.17E-05
2019-07-01 21:41:48.5166667Z,1.024100561,-6.33E-05
2019-07-01 21:41:48.5333333Z,1.024150765,-6.33E-05
2019-07-01 21:41:48.5500000Z,1.024043662,-6.33E-05
2019-07-01 21:41:48.5666667Z,1.023879661,-6.17E-05
2019-07-01 21:41:48.5833333Z,1.023829457,-6.33E-05
2019-07-01 21:41:48.6000000Z,1.023911457,-6.33E-05
2019-07-01 21:41:48.6166667Z,1.024045336,-6.33E-05
2019-07-01 21:41:48.6333333Z,1.024142398,-6.33E-05
2019-07-01 21:41:48.6500000Z,1.024149091,-6.17E-05
2019-07-01 21:41:48.6666667Z,1.024048683,-6.17E-05
2019-07-01 21:41:48.6833333Z,1.023931539,-6.00E-05
2019-07-01 21:41:48.7000000Z,1.023884682,-5.83E-05
2019-07-01 21:41:48.7166667Z,1.024001825,-5.67E-05
2019-07-01 21:41:48.7333333Z,1.024231092,-5.83E-05
2019-07-01 21:41:48.7500000Z,1.024349909,-5.50E-05
2019-07-01 21:41:48.7666667Z,1.024154112,-5.33E-05
2019-07-01 21:41:48.7833333Z,1.023785946,-5.17E-05
2019-07-01 21:41:48.8000000Z,1.023581782,-5.33E-05
2019-07-01 21:41:48.8166667Z,1.023719007,-5.50E-05
2019-07-01 21:41:48.8333333Z,1.024048683,-5.50E-05
2019-07-01 21:41:48.8500000Z,1.024311419,-5.50E-05
2019-07-01 21:41:48.8666667Z,1.024410154,-5.33E-05
2019-07-01 21:41:48.8833333Z,1.024438603,-5.00E-05
2019-07-01 21:41:48.9000000Z,1.024406807,-4.67E-05
2019-07-01 21:41:48.9166667Z,1.024252847,-4.67E-05
2019-07-01 21:41:48.9333333Z,1.02401856,-4.67E-05
2019-07-01 21:41:48.9500000Z,1.023849539,-4.50E-05
2019-07-01 21:41:48.9666667Z,1.023822763,-4.33E-05
2019-07-01 21:41:48.9833333Z,1.023968356,-4.17E-05
2019-07-01 21:41:49.0000000Z,1.024222725,-4.17E-05
2019-07-01 21:41:49.0166667Z,1.024433583,-4.33E-05
2019-07-01 21:41:49.0333333Z,1.024512236,-4.17E-05
2019-07-01 21:41:49.0500000Z,1.024498849,-4.00E-05
2019-07-01 21:41:49.0666667Z,1.024426889,-3.83E-05
2019-07-01 21:41:49.0833333Z,1.024308072,-3.67E-05
2019-07-01 21:41:49.1000000Z,1.024154112,-3.33E-05
2019-07-01 21:41:49.1166667Z,1.023988437,-3.17E-05
2019-07-01 21:41:49.1333333Z,1.023881335,-3.17E-05
2019-07-01 21:41:49.1500000Z,1.023918151,-2.83E-05
2019-07-01 21:41:49.1666667Z,1.024082152,-2.67E-05
2019-07-01 21:41:49.1833333Z,1.024261215,-2.67E-05
2019-07-01 21:41:49.2000000Z,1.02439844,-2.67E-05
2019-07-01 21:41:49.2166667Z,1.024458685,-2.67E-05
2019-07-01 21:41:49.2333333Z,1.024395093,-2.50E-05
2019-07-01 21:41:49.2500000Z,1.02424448,-2.17E-05
2019-07-01 21:41:49.2666667Z,1.024085499,-1.83E-05
2019-07-01 21:41:49.2833333Z,1.023976723,-2.00E-05
2019-07-01 21:41:49.3000000Z,1.02393656,-2.17E-05
2019-07-01 21:41:49.3166667Z,1.02394158,-2.33E-05
2019-07-01 21:41:49.3333333Z,1.023944927,-2.17E-05
2019-07-01 21:41:49.3500000Z,1.023954968,-1.83E-05
2019-07-01 21:41:49.3666667Z,1.024001825,-1.33E-05
2019-07-01 21:41:49.3833333Z,1.024026927,-1.00E-05
2019-07-01 21:41:49.4000000Z,1.023968356,-6.67E-06
2019-07-01 21:41:49.4166667Z,1.023824436,-5.00E-06
2019-07-01 21:41:49.4333333Z,1.023657089,-6.67E-06
2019-07-01 21:41:49.4500000Z,1.023560027,-8.33E-06
2019-07-01 21:41:49.4666667Z,1.023511496,-8.33E-06
2019-07-01 21:41:49.4833333Z,1.023436189,-6.67E-06
2019-07-01 21:41:49.5000000Z,1.023396026,-5.00E-06
2019-07-01 21:41:49.5166667Z,1.023491414,-6.67E-06
2019-07-01 21:41:49.5333333Z,1.023647048,-1.00E-05
2019-07-01 21:41:49.5500000Z,1.02367717,-1.00E-05
2019-07-01 21:41:49.5666667Z,1.023585129,-1.00E-05
2019-07-01 21:41:49.5833333Z,1.023481373,-1.00E-05
2019-07-01 21:41:49.6000000Z,1.023367577,-8.33E-06
2019-07-01 21:41:49.6166667Z,1.023238719,-5.00E-06
2019-07-01 21:41:49.6333333Z,1.023180147,-5.00E-06
2019-07-01 21:41:49.6500000Z,1.023260474,-3.33E-06
2019-07-01 21:41:49.6666667Z,1.023429495,-1.67E-06
2019-07-01 21:41:49.6833333Z,1.023635333,0
2019-07-01 21:41:49.7000000Z,1.02383113,1.67E-06
2019-07-01 21:41:49.7166667Z,1.023981744,1.67E-06
2019-07-01 21:41:49.7333333Z,1.024067091,-1.67E-06
2019-07-01 21:41:49.7500000Z,1.024058724,0
2019-07-01 21:41:49.7666667Z,1.023966682,3.33E-06
2019-07-01 21:41:49.7833333Z,1.02386962,5.00E-06
2019-07-01 21:41:49.8000000Z,1.023817743,5.00E-06
2019-07-01 21:41:49.8166667Z,1.023745783,5.00E-06
2019-07-01 21:41:49.8333333Z,1.02367215,3.33E-06
2019-07-01 21:41:49.8500000Z,1.023708966,0
2019-07-01 21:41:49.8666667Z,1.02390811,1.67E-06
2019-07-01 21:41:49.8833333Z,1.024202643,6.67E-06
2019-07-01 21:41:49.9000000Z,1.024415175,1.00E-05
2019-07-01 21:41:49.9166667Z,1.024351582,1.17E-05
2019-07-01 21:41:49.9333333Z,1.02405705,1.17E-05
2019-07-01 21:41:49.9500000Z,1.023817743,1.17E-05
2019-07-01 21:41:49.9666667Z,1.023832804,1.33E-05
2019-07-01 21:41:49.9833333Z,1.024008519,1.33E-05
2019-07-01 21:41:49.9833334Z,1.024008519,1.33E-05
2019-07-01 21:41:49.9833335Z,1.024008519,1.33E-05
2019-07-01 21:41:49.9833336Z,1.024008519,1.33E-05
2019-07-01 21:41:49.9833337Z,1.024008519,1.33E-05
2019-07-01 21:41:49.9833338Z,1.024008519,1.33E-05
2019-07-01 21:41:49.9833339Z,1.024008519,1.33E-05
2019-07-01 21:41:49.9833340Z,1.024008519,1.33E-05
2019-07-01 21:41:49.9833341Z,1.024008519,1.33E-05
2019-07-01 21:41:49.9833342Z,1.024008519,1.33E-05
2019-07-01 21:41:49.9833343Z,1.024008519,1.33E-05
2019-07-01 21:41:49.9833344Z,1.024008519,1.33E-05
2019-07-01 21:41:49.9833345Z,1.024008519,1.33E-05
2019-07-01 21:41:49.9833346Z,1.024008519,1.33E-05
2019-07-01 21:41:49.9833347Z,1.024008519,1.33E-05
2019-07-01 21:41:49.9833348Z,1.024008519,1.33E-05
2019-07-01 21:41:49.9833349Z,1.024008519,1.33E-05
2019-07-01 21:41:49.9833350Z,1.024008519,1.33E-05
2019-07-01 21:41:49.9833351Z,1.024008519,1.33E-05
2019-07-01 21:41:49.9833352Z,1.024008519,1.33E-05
2019-07-01 21:41:49.9833353Z,1.024008519,1.33E-05
2019-07-01 21:41:49.9833354Z,1.024008519,1.33E-05
2019-07-01 21:41:49.9833355Z,1.024008519,1.33E-05
2019-07-01 21:41:49.9833356Z,1.024008519,1.33E-05
2019-07-01 21:41:49.9833357Z,1.024008519,1.33E-05
2019-07-01 21:41:49.9833358Z,1.024008519,1.33E-05
2019-07-01 21:41:49.9833359Z,1.024008519,1.33E-05
2019-07-01 21:41:49.9833360Z,1.024008519,1.33E-05
2019-07-01 21:41:49.9833361Z,1.024008519,1.33E-05
2019-07-01 21:41:49.9833362Z,1.024008519,1.33E-05
2019-07-01 21:41:49.9833363Z,1.024008519,1.33E-05
2019-07-01 21:41:49.9833364Z,1.024008519,1.33E-05
2019-07-01 21:41:49.9833365Z,1.024008519,1.33E-05
2019-07-01 21:41:49.9833366Z,1.024008519,1.33E-05
2019-07-01 21:41:49.9833367Z,1.024008519,1.33E-05
2019-07-01 21:41:49.9833368Z,1.024008519,1.33E-05
2019-07-01 21:41:49.9833369Z,1.024008519,1.33E-05
2019-07-01 21:41:49.9833370Z,1.024008519,1.33E-05
2019-07-01 21:41:49.9833371Z,1.024008519,1.33E-05
2019-07-01 21:41:49.9833372Z,1.024008519,1.33E-05
2019-07-01 21:41:49.9833373Z,1.024008519,1.33E-05
2019-07-01 21:41:49.9833374Z,1.024008519,1.33E-05
2019-07-01 21:41:49.9833375Z,1.024008519,1.33E-05
2019-07-01 21:41:49.9833376Z,1.024008519,1.33E-05
2019-07-01 21:41:49.9833377Z,1.024008519,1.33E-05
2019-07-01 21:41:49.9833378Z,1.024008519,1.33E-05
2019-07-01 21:41:49.9833379Z,1.024008519,1.33E-05
2019-07-01 21:41:49.9833380Z,1.024008519,1.33E-05
2019-07-01 21:41:49.9833381Z,1.024008519,1.33E-05
2019-07-01 21:41:49.9833382Z,1.024008519,1.33E-05
2019-07-01 21:41:49.9833383Z,1.024008519,1.33E-05
2019-07-01 21:41:49.9833384Z,1.024008519,1.33E-05
2019-07-01 21:41:49.9833385Z,1.024008519,1.33E-05
2019-07-01 21:41:49.9833386Z,1.024008519,1.33E-05
2019-07-01 21:41:49.9833387Z,1.024008519,1.33E-05
2019-07-01 21:41:49.9833388Z,1.024008519,1.33E-05
2019-07-01 21:41:49.9833389Z,1.024008519,1.33E-05
2019-07-01 21:41:49.9833390Z,1.024008519,1.33E-05
2019-07-01 21:41:49.9833391Z,1.024008519,1.33E-05
2019-07-01 21:41:49.9833392Z,1.024008519,1.33E-05
2019-07-01 21:41:49.9833393Z,1.024008519,1.33E-05
2019-07-01 21:41:49.9833394Z,1.024008519,1.33E-05
2019-07-01 21:41:49.9833395Z,1.024008519,1.33E-05
2019-07-01 21:41:49.9833396Z,1.024008519,1.33E-05
2019-07-01 21:41:49.9833397Z,1.024008519,1.33E-05
2019-07-01 21:41:49.9833398Z,1.024008519,1.33E-05
2019-07-01 21:41:49.9833399Z,1.024008519,1.33E-05
2019-07-01 21:41:49.9833400Z,1.024008519,1.33E-05
2019-07-01 21:41:49.9833401Z,1.024008519,1.33E-05
2019-07-01 21:41:49.9833402Z,1.024008519,1.33E-05
2019-07-01 21:41:49.9833403Z,1.024008519,1.33E-05
2019-07-01 21:41:49.9833404Z,1.024008519,1.33E-05
2019-07-01 21:41:49.9833405Z,1.024008519,1.33E-05
2019-07-01 21:41:49.9833406Z,1.024008519,1.33E-05
2019-07-01 21:41:49.9833407Z,1.024008519,1.33E-05
2019-07-01 21:41:49.9833408Z,1.024008519,1.33E-05
2019-07-01 21:41:49.9833409Z,1.024008519,1.33E-05
2019-07-01 21:41:49.9833410Z,1.024008519,1.33E-05
2019-07-01 21:41:49.9833411Z,1.024008519,1.33E-05
2019-07-01 21:41:49.9833412Z,1.024008519,1.33E-05
2019-07-01 21:41:49.9833413Z,1.024008519,1.33E-05
2019-07-01 21:41:49.9833414Z,1.024008519,1.33E-05
2019-07-01 21:41:49.9833415Z,1.024008519,1.33E-05
2019-07-01 21:41:49.9833416Z,1.024008519,1.33E-05
2019-07-01 21:41:49.9833417Z,1.024008519,1.33E-05
2019-07-01 21:41:49.9833418Z,1.024008519,1.33E-05
2019-07-01 21:41:49.9833419Z,1.024008519,1.33E-05
2019-07-01 21:41:49.9833420Z,1.024008519,1.33E-05
2019-07-01 21:41:49.9833421Z,1.024008519,1.33E-05
2019-07-01 21:41:49.9833422Z,1.024008519,1.33E-05
2019-07-01 21:41:49.9833423Z,1.024008519,1.33E-05
2019-07-01 21:41:49.9833424Z,1.024008519,1.33E-05
2019-07-01 21:41:49.9833425Z,1.024008519,1.33E-05
2019-07-01 21:41:49.9833426Z,1.024008519,1.33E-05
2019-07-01 21:41:49.9833427Z,1.024008519,1.33E-05
2019-07-01 21:41:49.9833428Z,1.024008519,1.33E-05
2019-07-01 21:41:49.9833429Z,1.024008519,1.33E-05
2019-07-01 21:41:49.9833430Z,1.024008519,1.33E-05
2019-07-01 21:41:49.9833431Z,1.024008519,1.33E-05
2019-07-01 21:41:49.9833432Z,1.024008519,1.33E-05
2019-07-01 21:41:49.9833433Z,1.024008519,1.33E-05